公園名稱,編號,裡別,面積,類別,座落位置,使用分區,維護管理單位,所在轄區,X座標(TW97),y座標(TW97)
裕敬公園,1,裕聖裡,0.435,鄰里公園,裕孝路與裕孝一街,鄰里,東區區公所,東區,172447.220000,2542145.320000
裕聖公園,2,裕聖裡,0.85,鄰里公園,裕信三街與裕信路,鄰里,東區區公所,東區,172619.410000,2542390.500000
福松的緣,3,郡王裡,,好望角,開山路、府前路口,商業區.住宅區,文化局,中西區,168750.900000,2543333.720000
榕園,4,郡王裡,,好望角,開山路、大埔街口--延平郡王祠,保存區,文化局,中西區,168891.980000,2543086.880000
千禧公園,5,關聖裡,0.79,鄰里公園,裕農三街與裕和二街,鄰里,東區區公所,東區,172166.350000,2542915.760000
文聖公園,6,文聖裡,1.38,區域公園,裕忠路與裕文路,大型,公園管理一科,東區,172364.030000,2542576.420000
東成公園,7,虎尾裡,0.1574,鄰里公園,東成街150號,鄰里,東區區公所,東區,171707.510000,2542302.970000
富農公園,8,虎尾裡,0.2198,鄰里公園,富農街一段188巷,鄰里,東區區公所,東區,171594.240000,2542426.590000
關聖公園,9,關聖裡,0.92,鄰里公園,裕和五街與裕英街,鄰里,東區區公所,東區,172764.820000,2542974.250000
仁和公園,10,崇善裡,0.1,鄰里公園,仁和路70號,鄰里,東區區公所,東區,171049.680000,2541783.480000
和平公園,11,和平裡,0.95,鄰里公園,文化一街,鄰里,東區區公所,東區,171335.490000,2541966.480000
和平裡公兒E24,12,和平裡,0.8905,,,,東區區公所,東區,171221.900000,2542028.650000
虎尾寮公兒E43,13,關聖裡,0.123,鄰里公園,裕平路276號旁,,東區區公所,東區,172536.110000,2542821.600000
南聖公園,14,南聖裡,1.9,區域公園,裕和路、裕信路,大型,公園管理一科,東區,172623.360000,2543159.580000
富強公園,15,富強裡,0.19,鄰里公園,裕農路446巷,鄰里,東區區公所,東區,171226.570000,2542920.650000
富裕公園,16,富裕裡,0.16,鄰里公園,東門路二段301巷,鄰里,東區區公所,東區,170855.200000,2542707.320000
裕華公園,17,裕聖裡,0.46,鄰里公園,裕華一街及二街交叉口,鄰里,東區區公所,東區,172703.550000,2542144.000000
東和公園,18,大學裡,1.11,區域公園,小東路、林森路二段,大型,公園管理一科,東區,170608.620000,2544554.370000
成大公園,19,成大裡,0.174,鄰里公園,大學路與育樂街,鄰里,東區區公所,東區,169495.460000,2544098.820000
後甲公園,20,後甲裡,1.966,區域公園,裕永一街、裕永路路口,大型,公園管理一科,東區,171850.410000,2542394.470000
崇誨公園,21,崇誨裡,0.1033,鄰里公園,林森路二段192巷口,鄰里,東區區公所,東區,170459.550000,2543293.910000
莊敬公園,22,莊敬裡,0.19,鄰里公園,東興路,鄰里,東區區公所,東區,171062.430000,2544213.550000
衛國公園,23,衛國裡,0.1602,鄰里公園,林森路二段東門國宅旁,鄰里,東區區公所,東區,170572.480000,2543108.700000
環保與綠,24,,185,好望角,富農街--環保局,機關用地,環保局,東區,171567.820000,2542826.620000
健康藝術公園,25,,2074,好望角,林森路、東門路_衛生局,公園用地,衛生局,東區,170286.520000,2542894.930000
東之島,26,,400,好望角,東寧路、林森路口槽化島,公園道路用地,東區區公所,東區,170432.190000,2543509.340000
青年公園,27,圍下裡,1.25,區域公園,青年路、育樂街,大型,公園管理一科,東區,169492.660000,2543575.910000
州知事府公58,28,圍下裡,0.8886,鄰里公園,衛民街博愛國小後方,鄰里,東區區公所,東區,169407.590000,2543637.830000
藝文走廊,29,,405,好望角,大學路景觀道路 (勝利路大學路口西北角),學校.道路用地,公共工程處養護科(成功大學),東區,169837.440000,2544127.780000
都市資訊站,30,,465,好望角,大學路景觀道路 (前鋒路大學路口東北角),學校.道路用地,公共工程處養護科(成功大學),東區,169410.390000,2544160.740000
百老匯劇場,31,,145,好望角,大學路景觀道路  (前鋒路大學路口東南角),廣場用地,公共工程處養護科(台南大遠百成功店),東區,169410.230000,2544130.070000
後站休憩廣場,32,,110,好望角,大學路景觀道路(火車站後站北側廣場),鐵路用地,公共工程養護科(鐵路局台南火車站),東區,169381.890000,2544160.900000
後站光影再生廣場,33,,340,好望角,火車站地下道出入口及周邊廣場(火車後站南側廣場),鐵路用地,公共工程處(台南火車站),東區,169381.730000,2544130.220000
前站迎賓廣場,34,,720,好望角,火車站地下道出入口及周邊廣場(火車前站南側廣場),廣場用地,公共工程處(台南火車站),東區,169267.990000,2544161.510000
椰林水霧廣場,35,,520,好望角,火車站地下道出入口及周邊廣場(火車前站北側廣場),廣場用地,公共工程處(台南火車站),東區,169268.320000,2544223.080000
和平裡公兒E26,36,和平裡,0.31,,仁和路41巷與文化二街,,東區區公所,東區,171277.200000,2541720.710000
東區區政廣場,37,,,好望角,崇學路、崇善路口--東區區公所,機關用地,東區區公所,東區,170397.340000,2542309.840000
崇學公園,38,崇學裡,0.16,鄰里公園,崇學路與崇德路口,鄰里,東區區公所,東區,170168.360000,2542095.660000
崇德公園,39,崇德裡,0.42,鄰里公園,崇德七街47號,鄰里,東區區公所,東區,170793.010000,2541723.250000
崇善公園,40,崇善裡,0.5,鄰里公園,崇善四街,鄰里,東區區公所,東區,171049.200000,2541691.120000
榮譽之家,41,忠孝裡,400,好望角,崇明路-榮譽之家前槽化島,道路用地,忠孝裡辦公處(東區區公所),東區,169798.600000,2542189.990000
忠孝公園,42,忠孝裡,0.3584,鄰里公園,榮譽街(榮民之家旁),鄰里,東區區公所,東區,169995.970000,2541819.720000
大福公園,43,大福裡,0.178,鄰里公園,立德四路與立德七路,鄰里,東區區公所,東區,169568.800000,2541822.000000
東興公園,44,大學裡,2.39,區域公園,東和路、林森路二段,大型,公園管理一科,東區,170521.820000,2544308.650000
光明公園,45,小東裡,0.42,鄰里公園,光明街175巷,,東區區公所,東區,170948.210000,2544152.580000
芳鄰廣場,46,,56,好望角,小東路、林森路口--無障礙福利之家,公園用地,社會局(無障礙福利之家),東區,170511.580000,2544524.100000
林森三角公園,47,龍山裡,2.22,區域公園,林森路一段、長榮路一段路口,大型,公園管理一科,東區,169772.390000,2542620.810000
繽紛新世界,48,,2000,好望角,林森路府連東路口-公E7,公園用地,公園管理一科,東區,170029.210000,2542711.690000
街角綠園,49,,502.5,好望角,林森路府連東路口(東側)--東門派出所,機關用地,龍山裡辦公處(東區區公所),東區,170029.210000,2542711.580000
大智公園,50,大智裡,0.27,鄰里公園,長東街,鄰里,東區區公所,東區,171070.120000,2540245.270000
羊蹄甲區,51,,1079,好望角,文化中心西側羊蹄甲區,公園用地,台南文化中心,東區,170137.740000,2541695.930000
東23,52,,2410,好望角,崇明路與崇明十街口--文化中心北側庭園,公園用地,台南文化中心,東區,170166.890000,2541818.810000
步織道,53,,150,好望角,崇明路-文化中心步織道,公園用地,台南文化中心,東區,170251.820000,2541726.110000
東19,54,,8261,好望角,中華東路與崇明路口--文化中心東側庭園,公園用地,台南文化中心,東區,170308.500000,2541664.240000
東13,55,,1440,好望角,中華東路--文化中心（長榮桂冠旁）,公園用地,台南文化中心,東區,170165.830000,2541618.930000
巴克禮紀念公園(公18),56,崇明裡,3.3312,區域公園,中華東路(文化中心對面),大型,公園管理一科,東區,170194.100000,2541572.600000
巴克禮紀念公園(公18)-河津櫻花區,57,崇明裡,5.8,區域公園,中華東路(文化中心對面),大型,公園管理一科,東區,170221.850000,2541449.410000
東門圓環,58,東門、大同裡；萬昌、開山裡,0.213,區域公園,北門路、府前路圓環,大型,公園管理一科,東區,169149.290000,2543270.110000
後甲圓環(綠7),59,後甲、東聖、富強、東光裡,0.28,區域公園,東寧路、中華東路圓環,大型,公園管理一科,東區,171427.330000,2543196.460000
花環再現,60,,1763,好望角,中華東路--後甲圓環(第二期),綠地,公園管理一科,東區,171427.330000,2543196.460000
光與綠,61,,480,好望角,東寧路、林森路口--東寧運動公園,公園用地,公園管理一科,東區,170489.250000,2543539.820000
東寧運動公園(公4),62,大學裡,5.4,區域公園,林森路與東寧路口,大型,公園管理一科,東區,170517.750000,2543539.560000
龍山段公E7,63,龍山裡,1.54,區域公園,林森路一段、府連路口,大型,公園管理一科,東區,170036.660000,2542703.900000
綠波帶,66,,27,好望角,中華西路、府前路口--社福大樓,機關用地,社會局(示範托兒所),安平區,166553.870000,2543684.510000
音樂饗宴,67,,750,好望角,府前四街-公兒6,公園用地,安平區公所,安平區,166374.280000,2544226.270000
陽光綠之園,68,,2055,好望角,市政大樓府前路後門綠地,機關用地,秘書處,安平區,166455.850000,2543738.210000
區政綠園,69,,約380,好望角,健康三街、育平九街口西南角-新區政大樓東北角,學校用地,安平區公所,安平區,164831.030000,2544019.320000
古運河綠色隧道,70,,約2360,好望角,安平路406巷至500巷間綠帶,綠地,安平區公所,安平區,165266.040000,2544454.190000
樂活街角,71,,約45㎡加圍牆長265m,好望角,長青公寓-健康路、建平路口,機關用地,社會局(長青科),安平區,166084.470000,2542613.240000
南島之星,72,,315.6,好望角,社福大樓-中華西路、南島路口,機關用地,社會局兒少科,安平區,166577.320000,2543604.430000
永華綠園,73,,3660,好望角,市政大樓永華路門口,機關用地,秘書處,安平區,166451.100000,2543437.130000
獅古幽情,74,,約1210,好望角,安平路850巷4弄-公墓後面,綠地,安平區公所,安平區,163968.650000,2544479.500000
古堡入口意象,76,,920,好望角,安平天後宮旁公園,古蹟保存區及綠地,"都市發展局都市更新科,安平天後宮",安平區,163981.060000,2544606.790000
區政綠能,77,,1800,好望角,平通路與育平路交叉口-安平區政園區,機關用地,安平區公所,安平區,164716.550000,2543881.540000
二二八紀念公園,78,建平裡,0.9,區域公園,建平路與平通路與建平九街口,大型,公園管理一科,安平區,166201.970000,2543550.480000
世平公園,79,金城裡,1.35,區域公園,安平一路、世平路口,大型,公園管理一科,安平區,162800.370000,2544317.570000
府平公園,80,國平裡,4.7,區域公園,郡平路、國平路、府平路,大型,公園管理一科,安平區,165121.470000,2543216.220000
慶平公園,81,建平裡,2.52,區域公園,慶平路、文平路口,大型,公園管理一科,安平區,165846.360000,2544039.400000
華平公園(舊苗圃),82,華平裡,1.2,區域公園,國平路與育平九街與怡平路與永華8街,大型,公園管理一科,安平區,165168.120000,2543906.340000
安億公園,83,平通裡,1.63,區域公園,安億路,大型,公園管理一科,安平區,164446.380000,2544096.810000
運河南岸綠地,84,建平裡,1.48,區域公園,運河南岸,大型,公園管理一科,安平區,166169.880000,2544249.780000
運河景觀公園,85,華平裡,2.6,區域公園,運河南岸(自安億橋至望月橋),大型,公園管理一科,安平區,164327.460000,2544277.450000
億載公園(公5),86,億載裡,15.09,區域公園,光州路、億載金城旁,大型,公園管理一科,安平區,163873.820000,2543191.970000
石珠公園,87,,1.04,區域公園,文平路、建平五街,大型,公園管理一科,安平區,165911.150000,2543102.260000
港濱歷史公園,88,億載裡,6.5,區域公園,安億路旁,大型,公園管理一科,安平區,164243.730000,2544175.820000
林默娘紀念公園,89,億載裡,2,區域公園,安億路旁,大型,公園管理一科,安平區,163677.280000,2543837.300000
環港步道(港專區),90,金城裡,2.16,區域公園,安億路旁,大型,公園管理一科,安平區,162332.800000,2544079.190000
橋頭海灘公園,91,金城裡,5,區域公園,四草大橋旁,大型,公園管理一科,安平區,162299.370000,2543674.170000
湖濱水鳥公園,92,西門裡,8.8,區域公園,安北路近四草大橋(鹽水溪畔),大型,公園管理一科,安平區,162817.870000,2544630.650000
安平區歷史水景公園,93,西門裡,13.35,區域公園,安北路、安平路850巷,大型,公園管理一科,安平區,163664.950000,2544849.690000
鹽神白沙灘公園,94,西門裡,13.35,區域公園,,大型,公園管理一科,安平區,163520.920000,2544764.140000
馬雅各長青公園,95,文平裡,1.8,區域公園,建平路與健康路(長青公寓旁),大型,公園管理一科,安平區,166284.330000,2542801.830000
安平區觀夕平台(保護區),96,金城裡,0.4552,區域公園,漁光路旁,大型,公園管理一科,安平區,162069.630000,2543976.960000
運河北岸綠地,97,港仔裡,0.2,區域公園,運河北岸,大型,公園管理一科,安平區,164763.220000,2544374.310000
安平區公園,98,,,,民權路4段,,安平區公所,安平區,165069.400000,2544543.900000
平通公園,99,平通裡,0.55,鄰里公園,平通路756巷102號,鄰里,安平區公所,安平區,165003.090000,2544076.820000
大世界公園,100,億載裡,0.87,鄰里公園,光州一街29號,鄰里,安平區公所,安平區,164181.580000,2543023.210000
文平公園,101,文平裡,0.54,鄰里公園,中華西路二段1號,鄰里,安平區公所,安平區,166537.630000,2543029.880000
世平公園2號,102,金城裡,0.22,鄰里公園,世平路西邊,鄰里,安平區公所,安平區,162770.450000,2544161.150000
四季公園,103,西門裡,0.6,鄰里公園,古堡街與安北路,鄰里,安平區公所,安平區,163724.960000,2544750.010000
怡平公園,104,怡平裡,0.8,鄰里公園,平通路與永華六街口,鄰里,安平區公所,安平區,165567.870000,2543742.290000
永華公園,105,文平裡,0.37,鄰里公園,永華二街,鄰里,安平區公所,安平區,166352.020000,2542896.250000
石頭公園,106,國平裡,0.83,鄰里公園,建平一街,鄰里,安平區公所,安平區,165543.600000,2542815.270000
育平公園,107,育平裡,0.61,鄰里公園,健康三街,鄰里,安平區公所,安平區,164688.810000,2543166.390000
崇仁公園,108,國平裡,0.74,鄰里公園,建平七街409號,鄰里,安平區公所,安平區,165512.650000,2543294.080000
漁光公園,109,漁光裡,0.3853,鄰里公園,漁光路89巷39-1號,鄰里,安平區公所,安平區,163843.820000,2541927.550000
石門公園,110,石門裡,0.116,鄰里公園,安北路103巷7弄,鄰里,安平區公所,安平區,164459.870000,2544628.640000
石門體育公園,111,石門裡,0.2026,鄰里公園,安北路40巷東邊(臨一期綠帶),鄰里,安平區公所,安平區,164704.840000,2544637.100000
建平公園,112,建平裡,0.87,鄰里公園,府前四街與府前三街,鄰里,安平區公所,安平區,166464.360000,2543942.380000
劍獅公園,113,港仔裡,0.2,鄰里公園,安平路與安北路交叉口,鄰里,安平區公所,安平區,164742.600000,2544406.760000
舊聚落歷史公園,114,海頭裡,0.05,鄰里公園,古堡街與效忠街交叉口,鄰里,安平區公所,安平區,164048.210000,2544695.000000
三角公園,162,,0.02,鄰里公園,新興路20巷口,公兒用地,南區區公所(亞洲餐旅學校),南區,168322.600000,2541798.590000
大成公園(公兒4),163,田寮裡,0.1119,鄰里公園,大成路二段42巷56號,鄰里,南區區公所,南區,167584.810000,2541891.090000
大林二公園(公3),164,大林裡,1,區域公園,大同路482巷底,大型,公園管理一科,南區,169157.910000,2541591.750000
大林公園(公兒13),165,大林裡,0.33,鄰里公園,大同路二段482巷,鄰里,南區區公所,南區,169358.670000,2541453.900000
文南公園(公兒2),166,文南裡,0.5,鄰里公園,永南三街23號,鄰里,南區區公所,南區,166710.850000,2542704.000000
文華公園(公兒3),167,文華里,0.58,鄰里公園,永華路275號,鄰里,南區區公所,南區,166928.890000,2543196.050000
日新一號公園(公兒3),168,日新裡,0.29,鄰里公園,利南街223號,鄰里,南區區公所,南區,166776.150000,2541645.480000
日新二號公園(公兒2),169,日新裡,0.0629,鄰里公園,金華路一段503巷,鄰里,南區區公所,南區,166924.710000,2541640.680000
水萍塭公園(公7),170,廣州里,10.16,區域公園,永華路、金華路,大型,公園管理一科,南區,167249.720000,2543086.530000
田寮育樂公園(公兒1),171,田寮裡,0.2606,鄰里公園,新興路265巷48號前,鄰里,南區區公所,南區,167354.860000,2541863.230000
白雪裡公兒6,172,白雪裡,0.111,,新都路與新建路路口(老人會館前),,南區區公所,南區,166597.180000,2540917.560000
石敢當區政廣場,173,,225,好望角,中華南路、明興路口--南區區公所,機關用地,南區區公所,南區,166814.050000,2540153.890000
再興裡一號公園(綠3),174,再興裡,0.21,鄰里公園,三官路46號,鄰里,南區區公所,南區,167318.420000,2542116.260000
再興裡二號公園(綠4),175,再興裡,0.15,鄰里公園,三官路222巷,鄰里,南區區公所,南區,167102.520000,2542161.630000
再興裡三號公園(綠2),176,再興裡,0.06,鄰里公園,新慶街10巷17號,鄰里,南區區公所,南區,167225.510000,2542356.300000
府城藝術轉角,177,,3966.95,好望角,健康路、大同路口--藝術轉角,公園用地,台南文化中心(東東企業),南區,169186.340000,2542418.400000
明和公園(公20),178,國宅裡,3.43,區域公園,中華西路、新興路口,大型,公園管理一科,南區,166389.600000,2541910.420000
花鄉公園(廣7),179,大林裡,0.23,好望角,大林路111巷,鄰里,南區區公所,南區,169199.460000,2541652.320000
金湯公園,180,,4100,好望角,大成路、新都路口,公墓用地,台南市殯葬管理所,南區,168322.590000,2541722.060000
金華公園(公兒1),181,金華里,0.53,鄰里公園,健康路二段247號40號,鄰里,南區區公所,南區,166964.550000,2542337.370000
南區-水交社綠S1,182,,0.01,鄰里公園,,鄰里,南區區公所,南區,168343.750000,2541935.680000
南區-灣裡公10,183,,0.2982,,灣裡路,,南區區公所,南區,165834.640000,2537264.380000
南華公園(新興國宅公兒9),184,南華里,0.219,鄰里公園,中華南路二段300巷30弄,鄰里,南區區公所,南區,166684.290000,2540314.190000
南樂公園(公11),185,文華里,0.152,鄰里公園,南樂街,鄰里,南區區公所,南區,166239.070000,2542682.920000
客來斯樂,186,,371,綠地,勞工育樂中心前,機關用地,勞工局(勞工育樂中心),南區,168430.670000,2542251.380000
建南二號公園(兒1),187,建南裡,0.1,鄰里公園,中華南路二段53巷33號,鄰里,南區區公所,南區,167332.200000,2540162.330000
建南公園(公),188,建南裡,0.65,鄰里公園,德興路230號,鄰里,南區區公所,南區,167203.590000,2540087.510000
郡南公園(綠1),189,郡南裡,0.25,鄰里公園,永安街262巷39號,鄰里,南區區公所,南區,167355.590000,2540706.730000
健康廣場,190,,200,好望角,健康路--健康廣場,廣場用地,南區區公所(亞洲餐旅學校),南區,168964.580000,2542422.700000
桶盤淺公園(公兒14),191,大恩裡,0.75,鄰里公園,大同路二段752巷182號,鄰里,南區區公所,南區,169011.250000,2540767.280000
喜樹平安情社區公園(公兒1),192,喜北裡,0.3292,鄰里公園,喜樹路206巷42弄,鄰里,南區區公所,南區,165774.740000,2538182.230000
新生公園(公英段公兒15),193,新生裡,1.3734,區域公園,大林國宅後方,大型,公園管理一科,南區,169207.800000,2541888.380000
新興裡三角公園(文教用地),194,新興裡,0.02,鄰里公園,新興路20巷口,鄰里,南區區公所,南區,167681.810000,2542247.270000
新興國宅-公兒11,195,光明裡,0.1912,鄰里公園,新興路537巷1號對面,鄰里,南區區公所,南區,166552.550000,2541580.050000
新興國宅-公兒12,196,光明裡,0.1051,鄰里公園,新建路17巷13號,鄰里,南區區公所,南區,166564.270000,2541528.600000
新興國宅-公兒13,197,光明裡,0.0601,鄰里公園,新建路21巷,鄰里,南區區公所,南區,166510.100000,2541395.460000
新興國宅-公兒14,198,光明裡,0.0608,鄰里公園,新建路27巷,鄰里,南區區公所,南區,166523.160000,2541271.790000
新興國宅-公兒15,199,開南裡,0.7196,鄰里公園,新建路37巷,鄰里,南區區公所,南區,166506.550000,2541105.660000
新興國宅-公兒16,200,開南裡,0.0526,鄰里公園,新建路41巷,鄰里,南區區公所,南區,166530.790000,2541020.140000
新興國宅-公兒17,201,彰南裡,0.096,鄰里公園,新建路16巷,鄰里,南區區公所,南區,166398.540000,2541284.780000
新興國宅-公兒19,202,彰南裡,0.1912,鄰里公園,中華西路42巷,鄰里,南區區公所,南區,166309.380000,2541128.570000
新興國宅-公兒20,203,開南裡,0.1578,鄰里公園,新建路28巷,鄰里,南區區公所,南區,166367.570000,2541045.300000
新興國宅-公兒22,204,開南裡,0.7217,鄰里公園,新建路55巷,鄰里,南區區公所,南區,166528.070000,2540695.900000
新興國宅-公兒23,205,開南裡,0.1328,鄰里公園,新建路52巷,鄰里,南區區公所,南區,166409.030000,2540570.980000
新興國宅-公兒24,206,開南裡,0.1062,鄰里公園,新建路54巷,鄰里,南區區公所,南區,166372.620000,2540495.100000
新興國宅-公兒25,207,南華里,0.1972,鄰里公園,中華南路二段302巷6弄,鄰里,南區區公所,南區,166671.300000,2540431.320000
新興國宅-公兒26,208,南華里,0.1592,鄰里公園,中華南路二段第六分局對面,鄰里,南區區公所,南區,166696.000000,2540262.520000
新興國宅-公兒27,209,南都裡,0.1607,鄰里公園,中華南路二段315巷口,鄰里,南區區公所,南區,166444.820000,2540237.330000
萬年公園(灣裡公42),210,省躬裡,1.9,區域公園,明興路925巷口,大型,公園管理一科,南區,166133.370000,2537142.120000
鳳凰來儀,211,,34300,好望角,中華西路--明和公園,公園用地,公園管理一科,南區,166335.080000,2541601.750000
廣州公園(綠1),212,廣州里,0.25,鄰里公園,福吉五街16巷五號,鄰里,南區區公所,南區,167243.610000,2542591.310000
蓮池意象,213,,1730,好望角,夏林路、永華路口--水萍塭公園,公園用地,公園管理一科,南區,167442.710000,2543128.100000
機場入口意象,214,,860,好望角,大同路往機場路口,綠地,公園管理一科,南區,169616.470000,2538728.250000
興南公園(南山段公兒14),215,佛壇裡,0.285,鄰里公園,興南街及省躬三街口,鄰里,南區區公所,南區,166034.800000,2535853.170000
興農公園(灣裡公9),216,興農裡,1.0671,區域公園,明興路211巷口,大型,公園管理一科,南區,166442.620000,2536660.000000
親水公園(公15),217,松安裡,3.47,區域公園,濱海公路旁,大型,公園管理一科,南區,165644.960000,2536800.430000
舉喜段公79公園,218,同安裡,3.4983,區域公園,明興路,大型,公園管理一科,南區,166540.280000,2536715.490000
舉喜重劃-舉喜段公兒S2,219,同安裡,0.0799,,明興路925巷(舉喜重劃自辦),,南區區公所,南區,166591.160000,2537346.670000
舉喜重劃-舉喜段公兒S70,220,同安裡,0.4682,,,,南區區公所,南區,166943.990000,2537510.950000
舉喜重劃-舉喜段公兒S71,221,同安裡,0.2793,,明興路1181巷(舉喜重劃自辦),,南區區公所,南區,166796.790000,2536337.550000
瀨口公園(公2),222,文華里,0.4,鄰里公園,中華西路與建南路口,鄰里,南區區公所,南區,166583.160000,2542884.000000
鯤鯓公園(公兒S1),223,鯤鯓裡,0.12,,鯤鯓路100-1號旁,,南區區公所,南區,165086.810000,2540072.280000
櫻花道,224,,628,好望角,水交社文化園區,綠地,南區區公所,南區,168265.480000,2541742.080000
河堤綠岸,225,,1048,好望角,中華西路、民生路口--臨安橋旁,綠地,公園管理一科,中西區,166637.080000,2544268.230000
鳳凰廣場,226,,365,好望角,火車站地下道出入口及周邊廣場 (標準檢驗局前人行廣場),廣場用地,公共工程處養護科(標準檢驗局),中西區,169182.590000,2544161.970000
社教廣場,227,,4200,好望角,中華西路、府前路口--生活美學館,機關用地,生活美學館,中西區,166668.080000,2543683.550000
稅處光廊,228,,394.07,好望角,忠義路--稅務局,機關用地,稅務局,中西區,168180.420000,2543183.100000
西湖裡入口意象,229,,120,好望角,民權路四段--西湖裡入口,綠地,中西區公所(西湖裡辦公處),中西區,166535.350000,2544410.320000
驛站廣場,230,,610,好望角,中山路、成功路口--台南大飯店前人行廣場,廣場用地,"公共工程處養護科(台南大飯店,高雄客運)",中西區,169140.000000,2544192.980000
車站廣場,231,,1800,好望角,火車站前圓環中央廣場,廣場用地,工務局新建工程一科,中西區,169182.760000,2544192.750000
光廊花園,232,,528,好望角,成功路、臨安路口--三角公園,道路用地,中西區公所(三合裡辦公處),中西區,167462.820000,2544755.820000
惜緣,233,,1647,好望角,地方法院府前路、永福路口,古蹟,台南地方法院,中西區,168008.360000,2543368.530000
小西門圓環(綠2附),234,小西裡,1.08,區域公園,西門路一段、府前路二段,大型,公園管理一科,中西區,167763.140000,2543431.450000
湯德章紀念公園(綠1),235,永華里,0.5,區域公園,民生路、中山路圓環,大型,公園管理一科,中西區,168496.510000,2543692.020000
西門圓環(綠3),236,天後裡,0.84,區域公園,西門路、民族路,大型,公園管理一科,中西區,168001.060000,2544229.940000
南門公園(公8),237,大南裡,1.33,區域公園,南門路、樹林街,大型,公園管理一科,中西區,168407.170000,2542966.470000
檨仔林公園(公11),238,永福裡,2.22,區域公園,忠義路、府前路口,大型,公園管理一科,中西區,168181.590000,2543398.380000
運河東岸景觀綠帶,239,大涼裡,0.12,區域公園,府前路二段239號內,大型,公園管理一科,中西區,167143.870000,2543711.700000
運河星鑽綠化及亮化(特專區),240,,2.9,區域公園,,大型,公園管理一科,中西區,166960.180000,2543980.280000
西湖裡公兒16,241,西湖裡,0.5164,,湖美一街143號旁,,中西區公所,中西區,166071.510000,2544975.820000
文賢公園,242,文賢裡,,,文祥街,,中西區公所,中西區,166755.490000,2544562.810000
民生裡公63,243,民生裡,0.091,,南華街巷內,,中西區公所,中西區,167070.170000,2543269.140000
西賢公園,244,西賢裡,0.4,鄰里公園,西賢一街109巷,鄰里,中西區公所,中西區,165682.980000,2544759.600000
西湖公園(公兒15),245,西湖裡,0.84,鄰里公園,民權路四段頂美一街,鄰里,中西區公所,中西區,166336.110000,2544423.720000
協和公園(公35),246,協和裡,0.32,鄰里公園,民族路三段258號後面,鄰里,中西區公所,中西區,167333.660000,2544572.030000
光賢公園(公兒12),247,光賢裡,0.43,鄰里公園,武聖路151巷50弄,鄰里,中西區公所,中西區,166880.960000,2545097.460000
烏橋公園(兒公5),248,大涼裡,0.54,鄰里公園,府前路二段370號,鄰里,中西區公所,中西區,166759.230000,2543683.040000
湖美公園(公兒17),249,西湖裡,0.4271,鄰里公園,湖美一街42巷北側,鄰里,中西區公所,中西區,166081.080000,2544652.720000
頂湖公園(公兒14),250,西湖裡,0.64,鄰里公園,頂美三街230號前西側,鄰里,中西區公所,中西區,166538.830000,2545037.780000
湖美麗景公園(公38),251,西湖裡,0.2087,鄰里公園,湖美街(湖美社區內),鄰里,中西區公所,中西區,166238.810000,2544845.650000
科技風林,252,,,好望角,本田路、一等三號道路三叉路口??安全島,道路用地,公園管理一科,安南區,161128.870000,2547777.420000
一道彩虹(公32),253,,300,好望角,安中路、安吉路口,公園用地,公園管理一科,安南區,166809.300000,2549555.210000
暮色戚風(公兒1),254,,760,好望角,長和街、環館路口,公園用地,公園管理一科,安南區,170938.010000,2551478.970000
水色小徑(綠21),255,,1400,好望角,長和街、環館路口,公園用地,公園管理一科,安南區,170854.780000,2551495.360000
(綠16),256,,102.43,好望角,北安路、怡安路口(綠地),綠地,安南區公所,安南區,168361.960000,2549305.140000
,257,,90,好望角,海佃路一段、二段與海東橋交接處(道路河川用地),道路河川用地,公共工程處養護工程科,安南區,167089.070000,2547827.590000
,258,,100,好望角,安清路地、安明路口?對面(道路用地),道路用地,環保局,安南區,161279.840000,2551050.850000
安南風情,259,,"3,226",好望角,海佃路地三段、仁安八街口,公園用地,消防局,安南區,166225.370000,2549894.680000
和風樂章,260,,"3,226",好望角,功安二街、仁安八街口,公園用地,消防局,安南區,166197.830000,2549862.940000
大愛公園,261,安慶裡,1.2,區域公園,安中路一段220巷口,大型,公園管理一科,安南區,168733.980000,2548640.320000
和順寮公39,262,東和裡,30,區域公園,長和路與環館路口(台灣歷史博物館旁),大型,公園管理一科,安南區,170957.610000,2551406.670000
海北段公32,263,溪心裡,1.2742,區域公園,安吉路1段與安中路3段路口,大型,公園管理一科,安南區,166780.330000,2549450.710000
和順寮公兒1,264,東和裡,1.7438,區域公園,長和街1段國立歷史博物館對面,大型,公園管理一科,安南區,170957.610000,2551406.670000
北柵公園(和順寮綠21),265,東和裡,1.362,區域公園,環館北路與長和路交叉口,大型,公園管理一科,安南區,170967.980000,2551487.680000
安西公園,266,安西裡,1.0137,區域公園,安西路與安西二街(活動中心旁),大型,公園管理一科,安南區,168926.770000,2548012.910000
紅樹林生態公園,267,鹽田里,6.6,區域公園,本田路與安明路,大型,公園管理一科,安南區,163801.780000,2549004.730000
水月公園,268,,2.287,區域公園,,大型,公園管理一科,安南區,166809.300000,2549555.210000
安南區綠16,269,,0.0463,,長溪路與北安路口,,安南區公所,安南區,168413.490000,2549281.270000
第六十八期公塭重劃(公六),270,公塭裡,0.5638,,公學路5段162號對面,,安南區公所,安南區,164343.940000,2552066.840000
育安公園,271,安順裡,0.4,鄰里公園,育安街與安豐一街(安順活動中心旁),鄰里,安南區公所,安南區,169544.710000,2550110.950000
安順公園,272,安順裡,0.44,鄰里公園,育安三街與培安四街,鄰里,安南區公所,安南區,169385.830000,2549934.280000
南路寮公園,273,安慶裡,0.46,鄰里公園,培安路408號對面與安和路二段111巷,鄰里,安南區公所,安南區,169372.770000,2548724.800000
州北公園(公兒4),274,州北裡,0.46,鄰里公園,安和路五段269巷與北安路四段548巷,鄰里,安南區公所,安南區,169714.620000,2552005.090000
吉祥公園(公兒5),275,佃西裡,0.47,鄰里公園,海佃路四段490巷,鄰里,安南區公所,安南區,165348.390000,2551726.130000
神榕公園(公1),276,佃東裡,0.8,鄰里公園,公學路4段54巷底(十二佃神榕旁),鄰里,安南區公所,安南區,165793.040000,2552184.870000
鹿耳門公園,277,城東裡,0.75,鄰里公園,城安一街、城安四街(土城聖母廟旁),鄰里,安南區公所,安南區,160611.250000,2551872.580000
梅花公園,278,梅花裡,0.46,鄰里公園,安中路一段699號,鄰里,安南區公所,安南區,167515.670000,2549094.480000
懷恩公園(公兒6),279,淵東裡,0.37,鄰里公園,智安三街與仁安一街,鄰里,安南區公所,安南區,165770.620000,2550348.180000
台鹼公園,280,鹿耳裡,0.24,鄰里公園,台鹽宿舍旁、顯宮國小旁,鄰里,安南區公所,安南區,160371.770000,2548426.470000
塭南公園(公兒3),281,塭南裡,0.33,鄰里公園,長和路二段12巷277弄37號旁,鄰里,安南區公所,安南區,170183.300000,2552192.850000
新順公園(一)(公兒36),282,新順裡,0.25,鄰里公園,安豐六街與育安街與育安四街,鄰里,安南區公所,安南區,169651.530000,2549697.850000
保和公園(公兒8),283,新順裡,0.35,鄰里公園,安慶路與頂安街(保安宮旁),鄰里,安南區公所,安南區,169473.290000,2549426.600000
新順公園(二)(公兒6),284,新順裡,0.75,鄰里公園,安豐六街與育安街,鄰里,安南區公所,安南區,169585.430000,2549678.830000
感恩公園,286,溪心裡,0.32,鄰里公園,功安一街與仁安二街,鄰里,安南區公所,安南區,165958.060000,2550055.310000
十字公園,287,溪心裡,0.45,鄰里公園,樂安一街與安中路三段59巷,鄰里,安南區公所,安南區,166220.260000,2549695.370000
仁安公園,288,溪心裡,0.54,鄰里公園,功安四街與仁安路,鄰里,安南區公所,安南區,166055.200000,2550417.130000
溪心公園,289,溪心裡,0.55,鄰里公園,仁安六街與功安四街,鄰里,安南區公所,安南區,166272.550000,2550085.450000
鳳凰公園,290,鳳凰裡,0.47,鄰里公園,安中路一段700巷,鄰里,安南區公所,安南區,167867.740000,2549228.210000
總頭公園,291,總頭裡,0.36,鄰里公園,長溪街二段570巷,鄰里,安南區公所,安南區,168451.170000,2550576.110000
大安裡公園,292,大安裡,0.34,鄰里公園,義安街156巷口至義安街198巷口,鄰里,安南區公所,安南區,167568.440000,2548289.520000
原佃安吉公園(公兒9),293,原佃裡,0.46,鄰里公園,近安中路與安吉路口,鄰里,安南區公所,安南區,166735.430000,2549449.630000
州北裡運動公園(公31),294,州北裡,0.5798,鄰里公園,安昌街與安昌街19巷口,鄰里,安南區公所,安南區,169803.110000,2552014.690000
顯宮公園(媽宮段公兒2),295,顯宮裡,0.3,鄰里公園,鹿耳門媽祖宮後方,鄰里,安南區公所,安南區,160296.180000,2548796.040000
理想巴洛克公園(公兒10),296,理想裡,0.14,鄰里公園,大安街213巷內,鄰里,安南區公所,安南區,167306.300000,2548410.130000
樂成公園,297,安西裡,0.5,鄰里公園,安通路4段47巷28號對面,鄰里,安南區公所,安南區,169119.780000,2547843.310000
頂好公園,298,頂安裡,0.578,鄰里公園,安中路一段330號對面,鄰里,安南區公所,安南區,168500.650000,2548670.660000
慈雲公園,299,安慶裡,0.395,鄰里公園,安中路一段222之1號對面,鄰里,安南區公所,安南區,168675.970000,2548488.030000
箔仔寮公園,300,安西裡,0.4977,鄰里公園,慈安路安西裡活動中心對面,鄰里,安南區公所,安南區,168908.090000,2548199.170000
高興公園,301,安西裡,0.3448,鄰里公園,安西一街與安通三街21號旁,鄰里,安南區公所,安南區,168544.030000,2547898.140000
頂美公園,302,安西裡,0.698,鄰里公園,慈安路、安通三街(和欣客運旁),鄰里,安南區公所,安南區,168564.240000,2548109.670000
州南公園(州南段公兒7),303,州南裡,0.5439,鄰里公園,長和路3段133巷與133巷66弄交叉處,鄰里,安南區公所,安南區,169745.950000,2551405.690000
理想社區公園(海東段公兒13),304,理想裡,0.4302,鄰里公園,大安街145巷口,鄰里,安南區公所,安南區,167228.250000,2548159.610000
梅花裡社區公園(公兒27),305,梅花裡,0.394,鄰里公園,同安路262巷與262巷43弄交叉口(安慶國小大門前),鄰里,安南區公所,安南區,167270.240000,2549045.110000
溪仔墘植物公園(公兒1),306,溪墘裡,0.3162,鄰里公園,海佃路一段372巷與安寧街交叉口,鄰里,安南區公所,安南區,167256.660000,2547622.230000
溪東水岸公園,307,溪東裡,0.259,鄰里公園,府安路5段98巷內,鄰里,安南區公所,安南區,168050.460000,2547196.940000
溪東親子公園,308,溪東裡,0.3406,鄰里公園,安富街與郡安路5段153巷交叉處,鄰里,安南區公所,安南區,167834.340000,2547508.210000
外塭休憩公園(公1),309,塭南裡,0.9881,鄰里公園,安昌街與安昌街106巷口,鄰里,安南區公所,安南區,169974.950000,2552224.850000
溪東育樂公園,310,溪東裡,0.2625,鄰里公園,安富街與郡安路5段153巷交叉處後方,鄰里,安南區公所,安南區,167937.590000,2547531.890000
海佃休閒公園(公兒12),311,海佃裡,0.3494,鄰里公園,郡安路6段55巷及國安街156巷198弄交叉口,鄰里,安南區公所,安南區,166733.170000,2547565.220000
公塭裡休憩公園(公兒3),312,公塭裡,0.2727,鄰里公園,育英街前(興國大學旁),鄰里,安南區公所,安南區,164014.360000,2551758.310000
梅花友愛公園,313,梅花裡,0.291,鄰里公園,,鄰里,安南區公所,安南區,167929.080000,2548936.290000
梅花安中公園,314,梅花裡,0.3641,鄰里公園,,鄰里,安南區公所,安南區,167971.360000,2548908.700000
梅花北安公園(綠1),315,梅花裡,0.0419,鄰里公園,,鄰里,安南區公所,安南區,168256.000000,2548648.450000
草湖寮社區公園,316,梅花裡,0.12,鄰里公園,安中路一段699巷後面梅花公園旁,鄰里,安南區公所,安南區,167625.560000,2549097.650000
媽祖宮公園(宗專7),317,鹿耳裡,0.8929,鄰里公園,媽祖宮一街136號,鄰里,安南區公所,安南區,160209.410000,2548581.150000
和館段公兒2,318,東和裡,0.2631,鄰里公園,博館路與博和路交叉口,鄰里,安南區公所,安南區,171631.660000,2551989.070000
溝南厝紀念公園(公兒7),319,佃東裡,0.25,鄰里公園,海佃路四段388巷2弄旁,鄰里,安南區公所,安南區,165723.940000,2551467.970000
長安社區親水公園(鎮安段公兒4),320,長安裡,0.4709,鄰里公園,長溪街3段405巷40弄,鄰里,安南區公所,安南區,167348.830000,2551940.430000
館前公園(綠22、綠22-1),321,東和裡,0.1734,鄰里公園,長和路1段(河道產業道路),鄰里,安南區公所,安南區,171179.460000,2550274.030000
五塊寮慶和公園(綠23),322,東和裡,0.4154,鄰里公園,長和路2段(河道產業道路),鄰里,安南區公所,安南區,170889.090000,2550325.500000
大道公園(朝皇段公兒19),323,海西裡,0.5607,鄰里公園,海環街,鄰里,安南區公所,安南區,166397.130000,2548735.110000
海前重劃-第八十三期海前公兒4,324,海東裡,0.2837,鄰里公園,海東3街與海東街口,鄰里,安南區公所,安南區,166924.920000,2548022.300000
海前重劃-第八十二期海前(一)公1,325,海東裡,0.5933,鄰里公園,安通路六段與海前路口,鄰里,安南區公所,安南區,167005.900000,2547819.080000
海前重劃-第八十三期海前公兒4,326,海東裡,0.3693,鄰里公園,安通路六段與海佃路2段,鄰里,安南區公所,安南區,166904.950000,2547802.920000
安東裡公兒16,327,安東裡,0.3188,鄰里公園,安和路1段478巷2弄,鄰里,安南區公所,安南區,169412.770000,2548271.420000
驛站廣場,328,,515,好望角,成功路、富北街口--國賓大樓前人行廣場,廣場用地,公共工程處養護科,北區,169104.170000,2544259.620000
翡翠項鍊,329,,12000,好望角,公園南路、臨安路口--公六,公園用地,公園管理一科,北區,168101.750000,2544852.540000
東豐綠園,331,,650,好望角,東豐路、開元路口--鐵路邊,公園道用地,北區區公所(興北裡辦公處),北區,169395.240000,2544947.880000
台語文學廣場,332,,380,好望角,公園南路、臨安路口--連雅堂公園,公園用地,公園管理一科,北區,167972.060000,2544927.780000
順心如意街角,333,,300,好望角,公園南路、臨安路口--和順裡公園,公園用地,北區區公所,北區,168047.910000,2544944.870000
和緯林蔭步道,335,,1975,好望角,和緯路公園路口-延平國中對面,綠地,北區區公所,北區,169196.220000,2545647.410000
月光草坪,336,,2775,好望角,公園北路、北門路口(台南公園東北角),公園用地,公園管理一科,北區,169362.930000,2544925.680000
重興綠園,337,重興裡,1079,好望角,林森路四段140巷重興裡活動中心旁空地,公園用地,北區區公所,北區,170716.770000,2544863.770000
健康快活步道,338,,861,好望角,光武裡活動中心後方(公兒32),公園用地,北區區公所(光武裡辦公處),北區,169612.640000,2545821.480000
台南公園,339,公園裡,14.63,區域公園,公園路、公園南路、公園北路、北門路,大型,公園管理一科,北區,169302.350000,2544623.340000
小東公園(公5),340,東興裡,4,區域公園,林森路三段、小東路口,大型,公園管理一科,北區,170545.190000,2544656.920000
開元振興公園(公兒10),341,振興裡,3.3,區域公園,林森路、開南街口,大型,公園管理一科,北區,170363.210000,2545332.310000
連雅堂紀念公園,342,安民裡,0.98,區域公園,海安路、臨安路、公園南路口,大型,公園管理一科,北區,167879.980000,2544849.770000
元寶桂花公園,343,元寶裡,1.1417,區域公園,北園街114巷底南側(北園公園對面),大型,公園管理一科,北區,170460.530000,2545919.400000
永祥公園,344,永祥裡,1.8,區域公園,實踐街,大型,公園管理一科,北區,170005.590000,2546037.100000
長榮公園(富台段公兒38),345,長榮裡,0.8695,區域公園,開元路249巷(近長榮路口),大型,公園管理一科,北區,169940.230000,2545487.940000
興北公園,346,興北裡,0.1746,,公園路634巷,,北區區公所,北區,169204.380000,2545355.670000
東興綠邑公園(公兒6),347,東興裡,0.12,,東興路二段尾,,北區區公所,北區,171306.350000,2544450.590000
成德裡公兒4-2,348,成德裡,0.2844,,中華北路2段196號旁,,北區區公所,北區,168322.950000,2546826.010000
福德公園,349,成德裡,0.547,,文成路、育德三街,,北區區公所,北區,168240.670000,2545985.360000
大興公園,350,大豐裡,0.2997,,文賢路與大興街口(特力屋對面),,北區區公所,北區,167335.640000,2545826.080000
豐興公園(公兒5),351,東興裡,0.2,鄰里公園,東豐路尾(桌球館斜對面),鄰里,北區區公所,北區,170814.280000,2544672.450000
北園公園,352,元寶裡,0.66,鄰里公園,北園街114巷,鄰里,北區區公所,北區,170468.750000,2545962.100000
小康公園,353,小康裡,0.51,鄰里公園,實踐街(小康裡文康中心旁),鄰里,北區區公所,北區,169738.120000,2546130.220000
六甲公園,354,六甲裡,0.2,鄰里公園,西門路四段200巷內(東帝士對面),鄰里,北區區公所,北區,168935.490000,2545623.010000
北安公園,355,成功裡,0.1965,鄰里公園,北安路一段142巷27號,鄰里,北區區公所,北區,168969.150000,2546427.490000
成功公園,356,成功裡,0.2679,鄰里公園,北成路128巷55號前,鄰里,北區區公所,北區,168988.220000,2546844.760000
北成公園,357,成功裡,0.191,鄰里公園,北成路38巷2號前,鄰里,北區區公所,北區,169108.530000,2546611.900000
立人公園,358,和順裡,0.1,鄰里公園,臨安路尾(大潤發量販店邊),鄰里,北區區公所,北區,168228.860000,2545019.520000
希望公園,359,成德裡,0.78,鄰里公園,文成一路-育德街(和緯賓館邊),鄰里,北區區公所,北區,168551.150000,2559920.340000
成德公園,360,成德裡,0.63,鄰里公園,文成一路與育賢街,鄰里,北區區公所,北區,168674.090000,2546098.400000
鄭子寮公園,361,成德裡,0.38,鄰里公園,北安路一段(北安橋南側),鄰里,北區區公所,北區,168544.360000,2546750.390000
文靈公園,362,文元裡,0.36,鄰里公園,文賢路1122巷與文賢二街(文靈宮旁),鄰里,北區區公所,北區,167790.180000,2546350.510000
文成公園,363,文元裡,0.18,鄰里公園,文成路與750巷口,鄰里,北區區公所,北區,167576.620000,2545877.360000
大港公園,364,大港裡,0.48,鄰里公園,大興街192巷,鄰里,北區區公所,北區,166807.920000,2545866.540000
賢良公園,365,賢北裡,0.61,鄰里公園,賢北街二十九號,鄰里,北區區公所,北區,166282.920000,2545419.720000
賢北公園,366,賢北裡,0.43,鄰里公園,賢北街十五巷,鄰里,北區區公所,北區,166203.660000,2545196.790000
育德公園,367,和順裡,0.42,鄰里公園,民德路八十號,鄰里,北區區公所,北區,168145.860000,2545253.200000
實踐公園,368,實踐裡,0.2,鄰里公園,實踐街(鐵路平交道旁),鄰里,北區區公所,北區,170014.490000,2545995.860000
大和公園,369,大和裡,0.4428,鄰里公園,中華北路變電所邊,鄰里,北區區公所,北區,166904.390000,2546257.040000
和順公園,370,和順裡,0.27,鄰里公園,海安路與臨安路與公園南路,鄰里,北區區公所,北區,168094.740000,2544920.910000
光武公園,371,光武裡,0.6366,鄰里公園,北門路二段(近長榮路五段),鄰里,北區區公所,北區,169697.000000,2545839.080000
光武運動公園,372,光武裡,0.3424,鄰里公園,北門路二段547巷78弄旭日街120巷口,鄰里,北區區公所,北區,169486.620000,2545739.310000
北元公園,373,文元裡,0.196,鄰里公園,海安路三段958巷與文成三路682巷,鄰里,北區區公所,北區,167849.550000,2546633.240000
育北公園,374,成德裡,0.6724,鄰里公園,育德二路與育德二路777巷,鄰里,北區區公所,北區,168080.750000,2546736.520000
福安公園,375,成功裡,0.4087,鄰里公園,中華北路二段與北成路,鄰里,北區區公所,北區,168803.550000,2546873.240000
元成公園,376,文原裡,0.4443,鄰里公園,文成三路與文賢二街,鄰里,北區區公所,北區,167680.050000,2546212.680000
文元公園,377,文元裡,0.5549,鄰里公園,文成路與文賢三街,鄰里,北區區公所,北區,167806.710000,2545942.880000
元昌公園,378,文元裡,0.5181,鄰里公園,文賢二街與文賢一街182巷,鄰里,北區區公所,北區,167623.440000,2545740.890000
孝德公園,379,成德裡,0.5732,鄰里公園,文成三路與育德二路,鄰里,北區區公所,北區,168151.430000,2546332.250000
順德公園,380,成德裡,0.3513,鄰里公園,北成路(荷蘭村汽車旅館旁),鄰里,北區區公所,北區,168330.700000,2546667.500000
凱德公園,381,成德裡,0.75,鄰里公園,育德一街200號前,鄰里,北區區公所,北區,168505.250000,2546248.490000
文中公園,382,文元裡,0.1996,鄰里公園,中華北路二段25巷與文賢路1180巷口,鄰里,北區區公所,北區,167443.780000,2546476.990000
勝安香草運動公園(富台段公兒20),383,勝安裡,0.77,鄰里公園,開元路63巷旁,鄰里,北區區公所,北區,169675.720000,2545176.610000
實踐段公兒30,384,實踐裡,0.1519,鄰里公園,大武街(實踐社區活動中心正後方),鄰里,北區區公所,北區,169605.850000,2545990.060000
大豐公園,385,大豐裡,0.4855,鄰里公園,武聖路與和緯路黃昏市場旁,鄰里,北區區公所,北區,166699.890000,2545334.900000
立德公園,386,成德裡,0.4791,鄰里公園,育德一街與立賢路口,鄰里,北區區公所,北區,168500.330000,2545606.870000
延平公園(和緯林蔭步道),387,延平裡,0.1973,鄰里公園,和緯路一段與公園路交叉口,鄰里,北區區公所,北區,168066.620000,2545668.250000
正德公園,388,成德裡,0.3192,鄰里公園,北成路(荷蘭村汽車旅館旁),鄰里,北區區公所,北區,168336.230000,2546648.420000
重興綠園(公兒N3),389,重興裡,0.1377,鄰里公園,林森路3段140巷內,鄰里,北區區公所,北區,170676.320000,2544911.050000
體育之心,390,,240,好望角,健康路、慶中街口--棒球場,體育場用地,體育處,南區,168566.010000,2542078.440000
體育之門,426,,5700,好望角,南門路,體育場用地,體育處,南區,168367.670000,2542092.700000
公二,1001,,2.3,區域公園,,大型,下營區公所,下營區,174380.760000,2570325.490000
公四,1002,,0.03,鄰里公園,,鄰里,下營區公所,下營區,174062.300000,2570592.570000
公兒一(下營公園),1003,,0.98,鄰里公園,,鄰里,下營區公所,下營區,174458.710000,2571004.080000
台南都會公園,1005,,40.87,區域公園,,大型,公園管理二科,仁德區,170295.250000,2537491.860000
公1,1006,,0.41,鄰里公園,,鄰里,仁德區公所,仁德區,174251.140000,2541430.260000
公(兒)1,1007,,0.77,鄰里公園,,鄰里,仁德區公所,仁德區,171906.760000,2541694.290000
公(兒)2,1008,,0.77,鄰里公園,,鄰里,仁德區公所,仁德區,172278.130000,2541609.310000
公(兒)3,1009,,0.21,鄰里公園,,鄰里,仁德區公所,仁德區,172396.260000,2541908.370000
公(兒)4,1010,,0.12,鄰里公園,,鄰里,仁德區公所,仁德區,172754.500000,2541782.940000
公(兒)5,1011,,0.02,鄰里公園,,鄰里,仁德區公所,仁德區,172935.370000,2541659.530000
公(兒)6,1012,,0.14,鄰里公園,,鄰里,仁德區公所,仁德區,174258.900000,2541321.360000
公(兒)7,1013,,0.14,鄰里公園,,鄰里,仁德區公所,仁德區,174267.420000,2541058.190000
公(兒)8,1014,,0.14,鄰里公園,,鄰里,仁德區公所,仁德區,174265.540000,2541010.580000
公(兒)9,1015,,0.09,鄰里公園,,鄰里,仁德區公所,仁德區,174315.520000,2541101.700000
公(兒)10,1016,,0.09,鄰里公園,,鄰里,仁德區公所,仁德區,174304.800000,2541049.260000
公(兒)11,1017,,0.09,鄰里公園,,鄰里,仁德區公所,仁德區,174296.270000,2541005.000000
公(兒)13,1019,,0.47,鄰里公園,,鄰里,仁德區公所,仁德區,173255.880000,2540486.240000
公(兒)17,1020,,0.11,鄰里公園,,鄰里,仁德區公所,仁德區,172460.220000,2541684.890000
公1,1022,,2.2231,區域公園,,大型,北門區公所,北門區,161319.720000,2576199.180000
永康公園,1023,,5.024,區域公園,,大型,永康區公所,永康區,172378.460000,2544835.720000
探索教育公園,1024,,2.2,區域公園,,大型,永康區公所,永康區,174036.950000,2546751.390000
小橋公園,1025,東橋裡,1.28,區域公園,,大型,公園管理二科,永康區,171440.880000,2546984.130000
中華里兒9公園,1026,中華里,0.2,鄰里公園,,鄰里,永康區公所,永康區,171971.940000,2548361.660000
中華里兒10公園,1027,中華里,0.2,鄰里公園,,鄰里,永康區公所,永康區,171718.760000,2544450.030000
安康公1公園,1028,安康裡,0.15,鄰里公園,,鄰里,永康區公所,永康區,170828.840000,2546208.160000
安康裡公2公園,1029,安康裡,0.23,鄰里公園,,鄰里,永康區公所,永康區,170652.790000,2546414.180000
大橋裡公3鄰里公園,1030,大橋裡,0.12,鄰里公園,,鄰里,永康區公所,永康區,170838.300000,2546545.210000
永康市立游泳池,1031,,0.34,鄰里公園,,鄰里,永康區公所,永康區,170911.390000,2546798.430000
洲仔尾公園,1032,,0.53,鄰里公園,,鄰里,永康區公所,永康區,171005.920000,2548711.020000
安康裡公2公園,1033,安康裡,,鄰里公園,,鄰里,永康區公所,永康區,171147.080000,2544830.720000
龍中公園,1034,,0.91,鄰里公園,,鄰里,永康區公所,永康區,174280.850000,2548749.290000
正強裡公兒4-1鄰里公園,1035,正強裡,0.2,鄰里公園,,鄰里,永康區公所,永康區,173657.780000,2547697.730000
西灣裡公兒9-1鄰里公園,1037,西灣裡,0.2,鄰里公園,,鄰里,永康區公所,永康區,174223.490000,2545588.540000
西灣裡公兒9-2鄰里公園,1038,西灣裡,0.27,鄰里公園,,鄰里,永康區公所,永康區,174044.600000,2545628.540000
西灣裡公兒9-3鄰里公園,1039,西灣裡,0.19,鄰里公園,,鄰里,永康區公所,永康區,174236.000000,2545283.490000
崑山裡公兒10-1鄰里公園,1040,崑山裡,0.24,鄰里公園,,鄰里,永康區公所,永康區,174013.990000,2544906.760000
永欣公園,1041,,0.14,鄰里公園,,鄰里,永康區公所,永康區,171883.610000,2549448.290000
二王裡公兒16-3鄰里公園,1042,二王裡,0.19,鄰里公園,,鄰里,永康區公所,永康區,172333.890000,2546466.970000
光復裡公兒17-2鄰里公園,1043,光復裡,0.24,鄰里公園,,鄰里,永康區公所,永康區,172642.300000,2544370.120000
復華里公兒18-1鄰里公園,1044,復華里,0.4,鄰里公園,,鄰里,永康區公所,永康區,172810.410000,2546041.470000
兒3,1045,,0.25,鄰里公園,,鄰里,公園管理二科,永康區,170980.750000,2546830.840000
東橋2號公園,1046,,0.27,鄰里公園,,鄰里,永康區公所,永康區,171837.490000,2546711.960000
復華里公兒鄰里公園,1047,復華里,0.4,鄰里公園,,鄰里,永康區公所,永康區,173082.110000,2544206.740000
公兒二(?吧哖紀念公園),1048,,1.88,鄰里公園,,鄰里,玉井區公所,玉井區,194476.330000,2557638.350000
公3,1050,,2.07,區域公園,,大型,白河區公所,白河區,190439.490000,2582616.890000
公2,1051,,1.09,區域公園,,大型,白河區公所,白河區,190411.250000,2582715.350000
公兒1,1052,,0.31,鄰里公園,,鄰里,白河區公所,白河區,190320.540000,2582939.530000
安定公滯一,1053,,26.77,區域公園,,大型,安定區公所,安定區,174360.390000,2557978.780000
公一,1054,,0.4414,鄰里公園,,鄰里,西港區公所,西港區,168359.710000,2558418.350000
中山公園,1055,,2.5,區域公園,,大型,佳裡區公所,佳裡區,165870.140000,2563329.480000
佳裡公八,1056,,0.2,鄰里公園,,鄰里,佳裡區公所,佳裡區,165789.650000,2563616.770000
公兒,1057,,4.88,鄰里公園,,鄰里,官田區公所,官田區,180838.360000,2568493.900000
公兒三,1059,,0.29,鄰里公園,,鄰里,柳營區公所,柳營區,180413.840000,2575404.770000
公兒,1060,,0.2524,鄰里公園,,鄰里,柳營區公所,柳營區,180156.260000,2575086.370000
公兒,1061,,0.261,鄰里公園,,鄰里,柳營區公所,柳營區,180154.530000,2575065.450000
公1,1062,,2.01,區域公園,,大型,將軍區公所,將軍區,164050.110000,2566777.240000
麻豆公一,1063,,0.43,鄰里公園,,鄰里,麻豆區公所,麻豆區,173500.360000,2565521.550000
麻豆公十一,1064,,0.9,鄰里公園,,鄰里,麻豆區公所,麻豆區,174125.410000,2564483.660000
麻豆兒十,1065,,0.43,鄰里公園,,鄰里,麻豆區公所,麻豆區,174374.870000,2564533.110000
善化公三,1066,,1.44,區域公園,,大型,善化區公所,善化區,177293.370000,2559610.540000
牛墟公園,1067,,0.2,鄰里公園,,鄰里,善化區公所,善化區,177078.960000,2558762.070000
善化公滯十,1069,,5.49,區域公園,,大型,善化區公所,善化區,178829.670000,2557020.720000
新市公兒五,1071,,0.15,鄰里公園,,鄰里,新市區公所,新市區,178353.880000,2553623.530000
南科公一,1072,,2.38,,,,公園管理二科,新市區,175050.420000,2557564.670000
南科公二,1073,,4.63,,,,公園管理二科,新市區,175192.920000,2557383.670000
南科公三,1074,,5.51,,,,新市區公所,新市區,175537.290000,2557568.990000
南科公四,1075,,0.62,,,,公園管理二科,新市區,176327.920000,2557560.420000
南科公五,1076,,0.69,,,,新市區公所,新市區,176293.030000,2557298.580000
南科公六,1077,,17.28,,,,新市區公所,新市區,176294.740000,2556898.890000
南科公七,1078,,6.07,,,,新市區公所,新市區,176233.700000,2555757.650000
南科公八,1079,,4.74,,,,新市區公所,新市區,176304.920000,2555845.900000
南科公九,1080,,6.11,,,,新市區公所,新市區,175972.710000,2555330.590000
南科公十,1081,,0.57,,,,公園管理二科,新市區,177247.550000,2555983.590000
南科公十一,1082,,0.83,,,,公園管理二科,新市區,177090.410000,2555501.850000
南科公十二,1083,,0.81,,,,新市區公所,新市區,176883.460000,2555037.400000
南科公十三,1084,,19.97,,,,新市區公所,新市區,176526.610000,2554491.640000
南科公十四,1085,,5.62,,,,新市區公所,新市區,176383.640000,2557187.160000
南科公十五,1086,,30,,,,新市區公所,新市區,175304.670000,2556010.660000
南科公二一,1087,,8.23,,,,新市區公所,新市區,174492.180000,2556998.480000
南科公二二,1088,,11.45,,,,新市區公所,新市區,174686.150000,2556930.390000
南科公二三,1089,,6.92,,,,新市區公所,新市區,174801.630000,2554817.040000
南科公二四,1090,,6.98,,,,新市區公所,新市區,174979.070000,2554898.550000
南科公二五,1091,,3.72,,,,新市區公所,新市區,174247.710000,2557189.970000
新市公滯四,1092,,5.22,區域公園,,大型,新市區公所,新市區,173700.850000,2554767.690000
新市公滯十一,1093,,12.2,區域公園,,大型,新市區公所,新市區,178545.770000,2556472.460000
南瀛綠都心公園,1094,,5.73,區域公園,,大型,公園管理二科,新營區,179942.920000,2578824.580000
新營公二十,1095,,0.33,鄰里公園,,鄰里,新營區公所,新營區,178293.840000,2578790.940000
新營公兒十九,1096,,0.12,鄰里公園,,鄰里,新營區公所,新營區,178413.000000,2578748.290000
新營公兒二一,1097,,0.19,鄰里公園,,鄰里,新營區公所,新營區,177950.610000,2578503.450000
新營公兒四六,1100,,0.23,鄰里公園,,鄰里,新營區公所,新營區,180615.620000,2579672.050000
新營公兒四八,1101,,0.61,鄰里公園,,鄰里,新營區公所,新營區,180905.360000,2579383.640000
新營公兒五十,1102,,0.21,鄰里公園,,鄰里,新營區公所,新營區,181132.710000,2579598.870000
公二,1103,,1.54,區域公園,,大型,楠西區公所,楠西區,197302.870000,2564044.800000
公兒一,1104,,0.36,鄰里公園,,鄰里,楠西區公所,楠西區,197502.050000,2564234.240000
公(三),1105,,1.18,區域公園,,大型,學甲區公所,學甲區,166240.710000,2569916.960000
公(兒)二,1106,,0.6068,鄰里公園,,鄰里,學甲區公所,學甲區,165683.170000,2570738.980000
公(兒)1-1,1107,,0.2,鄰里公園,,鄰里,學甲區公所,學甲區,165482.280000,2570938.800000
公(兒)2-1,1108,,0.2,鄰里公園,,鄰里,學甲區公所,學甲區,165846.940000,2569801.230000
公(兒)2-5,1109,,0.39,鄰里公園,,鄰里,學甲區公所,學甲區,166110.750000,2569068.140000
公一,1110,,1.5,區域公園,,大型,公園管理二科,歸仁區,177220.990000,2536324.300000
公二,1111,,1.15,區域公園,,大型,公園管理二科,歸仁區,176789.100000,2536441.230000
公三,1112,,2.22,區域公園,,大型,公園管理二科,歸仁區,176993.360000,2535896.390000
公四,1113,,1.24,區域公園,,大型,公園管理二科,歸仁區,176598.320000,2536357.880000
公五,1114,,4.92,區域公園,,大型,公園管理二科,歸仁區,176247.690000,2536227.250000
公六,1115,,2.23,區域公園,,大型,公園管理二科,歸仁區,176851.140000,2535824.880000
公兒二,1116,,1.29,區域公園,,大型,公園管理二科,歸仁區,177007.830000,2536808.930000
公兒一,1117,,0.25,鄰里公園,,鄰里,公園管理二科,歸仁區,177112.160000,2536983.510000
公兒三,1118,,0.9,鄰里公園,,鄰里,公園管理二科,歸仁區,176701.840000,2536869.550000
公兒四,1119,,0.55,鄰里公園,,鄰里,公園管理二科,歸仁區,176033.930000,2536627.630000
公兒五,1120,,0.08,鄰里公園,,鄰里,公園管理二科,歸仁區,175863.340000,2536394.360000
公兒六,1121,,0.46,鄰里公園,,鄰里,公園管理二科,歸仁區,175785.340000,2536428.630000
公兒七,1122,,0.83,鄰里公園,,鄰里,公園管理二科,歸仁區,175577.090000,2535925.240000
公兒八,1123,,0.6,鄰里公園,,鄰里,公園管理二科,歸仁區,175791.270000,2535841.010000
公兒九,1124,,0.09,鄰里公園,,鄰里,公園管理二科,歸仁區,176187.740000,2535672.740000
大埤潭公園,1126,,25.1,區域公園,,大型,關廟區公所,關廟區,182369.320000,2539706.240000
關廟兒二,1127,,0.21,鄰里公園,,鄰里,關廟區公所,關廟區,181259.300000,2540963.400000
公一,1128,,1.17,區域公園,,大型,鹽水區公所,鹽水區,175273.710000,2579547.100000
公十八-一,1129,,1.01,區域公園,,大型,公園管理二科,鹽水區,175445.210000,2579664.290000
公十八-二,1130,,2.81,區域公園,,大型,公園管理二科,鹽水區,175558.790000,2580061.190000
公十八-四,1131,,1.52,區域公園,,大型,公園管理二科,鹽水區,175437.400000,2579352.360000
公二,1132,,0.89,鄰里公園,,鄰里,鹽水區公所,鹽水區,175031.140000,2579574.240000
公十五,1133,,0.2,鄰里公園,,鄰里,鹽水區公所,鹽水區,175744.810000,2580586.740000
公十七,1134,,0.61,鄰里公園,,鄰里,公園管理二科,鹽水區,175353.930000,2579513.250000